transaction_amount,transaction_hour,transaction_count,location_distance
11241.785382528084,22,0,15.41872926440569
1930.8678494144076,11,1,5.600552078255975
2323.844269050346,16,5,2.99237134411888
2761.514928204013,7,1,6.910777706523328
1882.923312638332,10,2,2.207916146263214
1882.9315215254096,2,2,5.035785938485179
2789.6064077536957,5,1,1.0315538839664775
2383.717364576454,8,0,6.918876416211574
1765.262807032524,5,0,3.9449431642658355
2271.2800217929826,8,2,1.1411849327172885
1768.291153593769,6,2,1.725928659983607
1767.1351232148716,8,3,6.903723118836989
2120.981135783017,17,3,3.2947069872314065
1043.359877671101,11,0,1.216931809890208
1137.5410837434836,7,3,17.097497802627043
1718.8562353795137,7,1,6.278524304898707
1493.5844398327881,17,1,15.748478650852594
2157.123666297637,19,3,2.7852645215486183
1545.9879622393946,14,0,3.2227407989216728
1293.8481493323543,6,1,11.411717525227878
2732.824384460777,10,2,3.72272177271802
1887.1118497567322,19,2,6.142675205466503
2033.764102343962,15,1,1.452917236831758
1287.6259068932716,3,1,2.959513840544568
1727.8086377374086,5,0,0.6588068904692833
2055.461294854933,21,1,1.1532333715965668
1424.5032112888484,2,2,0.004719302819514585
2187.849009172836,8,1,0.20028358110546202
1699.6806550405975,9,4,18.923389864606172
1854.1531251033616,13,1,1.3876930925721453
1699.1466938853016,10,3,5.442973802898314
14630.695461272344,17,1,54.80911059038909
1993.2513876310331,21,3,3.9998823075899823
1471.1445355220499,11,0,0.8311260055428343
2411.2724560515944,22,1,6.511906913898305
1389.5781750144888,11,2,4.584597273639555
2104.431797502378,12,1,6.569879462315672
1020.1649380601123,12,2,7.342874683334662
1335.9069755507849,18,2,18.527151877392395
2098.4306179345617,18,2,4.2614564678911675
2369.2332899977055,22,4,2.0900253745108897
2085.6841405949854,13,2,5.227223694802879
1942.1758588058797,3,3,0.35447720063107563
1849.4481522053557,12,2,11.384456046852655
1260.7390048162863,7,1,0.6356511128522884
1640.0778958026458,22,2,1.9863154680455146
1769.6806145201062,20,4,8.457183384991586
2528.561113109458,22,2,4.547970749700628
2171.8091447842307,18,0,2.501370110125041
1118.479922318633,11,3,3.2069087522927227
2162.0419846973973,17,0,9.639524859532234
1807.4588597918419,5,5,2.0776104476451933
1661.5389998470207,17,2,10.18764860296911
2305.8381444204338,18,3,0.4613135107966414
2515.4997612479756,21,2,7.498400233730234
2465.6400595580994,4,5,9.404515398126733
1580.3912383886807,23,2,1.0033502446510931
1845.3938120743928,8,2,2.813635272805919
2165.631715701782,2,1,0.9046113292735315
2487.7725635611796,9,1,6.131162431452706
1760.412881077355,18,6,3.8323302075369785
1907.1705116680914,2,1,5.043720997085616
1446.8325129969858,21,2,1.093809367976864
1401.8966879596646,14,0,1.189673655168473
2406.262911197099,0,4,0.211914631066632
2678.1200142854113,6,2,1.9435380271816012
1963.994939209833,11,3,4.102002026184067
2501.766448946012,16,3,9.757349871303202
2180.818012523817,20,3,5.496974686168278
1677.4401226974378,23,2,2.858156256583508
2180.697802754207,19,1,15.300832869321738
13845.091416164923,4,2,38.10820771497925
1982.0869804450242,3,3,13.308114335561378
2782.3218279070034,11,3,3.749518681013277
690.1274479551278,19,3,1.4981273910731716
2410.9512521876118,23,2,0.27136594599265473
2043.5235341190855,17,3,6.474684487511171
1850.4963247670662,16,2,0.6465757417544264
2045.8803882677512,18,0,1.8032364611878846
1006.2155426995536,8,4,3.8014685153209693
1890.164056081244,3,3,4.155344844754279
2178.5562857558734,20,2,4.588748941236248
2738.947022370758,1,3,0.9091403749788478
1740.8648908631762,3,2,2.3880617500038115
1595.7531985534063,1,1,4.801137694201848
1749.1214782077318,14,4,17.502691032642314
2457.701058851037,1,3,6.502990099882648
2164.3755548298423,3,4,12.794085204151129
1735.1198981164807,5,1,7.181880019041758
2256.633716556678,6,2,4.478973206920344
2048.5387746740203,9,1,1.0661107153887137
2484.3224952664445,18,2,5.493346229838425
1648.9734530613239,18,1,4.88258702481846
1836.1689267011159,21,1,4.612413946485956
1803.9459234339213,11,5,3.364623873466977
1268.2425259339407,2,0,3.7608418601768125
2148.060138532288,12,2,2.035651422110911
10652.638180449723,17,4,21.976149267871957
2002.5567283212304,7,2,1.1004654540075027
1882.7064333124265,20,0,8.178252330108547
1292.3146289747929,14,5,1.0276046954361122
1789.6773386173204,0,2,0.4439718636719816
1828.6427417366153,2,4,2.8656866979984095
1598.8613653891905,7,3,5.369219460689436
1919.3571441669953,3,1,2.878748428817034
2202.0254284072694,15,2,1.6200302408773828
2943.0929506052653,22,5,4.084163828959275
2087.2889064159194,9,1,2.130908630736617
2128.775195361382,11,1,13.505449163326036
1962.7770421169164,13,1,12.796759337628536
5203.0719617523955,13,3,20.937063218154496
1986.7430622753916,1,2,1.9866216270422863
2030.1151049705131,22,1,6.680524243554146
3231.621056242643,4,0,0.18701912957678635
1903.8195176094387,4,1,3.2195856233439093
2150.7736711668063,5,0,2.0498014385587537
9913.220575736892,12,3,75.9734923249348
1415.660981190234,8,2,0.060378226400700424
2571.4114072575103,21,0,4.023913109115993
2375.966516343387,14,1,6.748145726709836
2395.5159735215234,13,3,3.3181165307975946
1545.3062726026305,23,2,0.44635890432634356
2701.3971554680497,6,1,17.96083130004628
1299.0744686038597,19,3,3.6491640351242474
11467.142734500676,1,4,28.572015725784507
15476.139064524945,6,0,8.09957860223878
1504.7318374346557,5,1,3.303381414942359
1716.851135198614,16,1,2.8031395544308073
2049.8256825438207,1,2,0.38924472283941136
1748.2621729419004,2,2,0.5611444314044407
1224.6682844669335,4,0,9.084540907357626
2034.2814874030137,4,2,1.3709998438399396
1468.8481431369476,0,0,1.0843058312969118
2236.796215317591,7,4,3.5150932302417464
1540.2878828830985,11,1,7.3212174887384
2774.96720250877,23,5,0.3197415758048822
1608.3733538318816,3,1,4.299645561570667
1838.9692418971622,12,1,0.6346827486498934
2406.758608684835,22,0,0.18571183634875682
1384.5678417830222,14,1,0.2709292223847981
2113.729967302065,10,2,8.98378291640906
13267.856885706069,9,0,3.7659607728412032
1196.2583827193862,2,3,0.23101223915072286
2092.3169292661523,21,4,2.8803765409826503
2129.9413971242116,13,2,9.289287130413296
2390.9114358886554,15,5,1.5218248160799044
1381.5246445609591,9,2,2.738421661806102
1339.7716934578618,9,3,0.2037065126492444
2260.970782808449,11,1,2.9808148693756924
2148.492336616593,8,2,4.309167572435212
2125.2464251729384,0,0,4.230408628003247
2173.2241047484877,4,3,2.020530351400584
1659.9876392107547,19,1,1.8955755486777095
2116.1268485805017,7,3,0.5637365377439869
2146.5362366493405,10,3,2.2848314940464514
1642.824290986816,11,1,0.5239959709907936
2932.8872555723783,0,3,7.2749209221968485
2236.9164604558937,21,0,16.947475271097957
1404.3482513986755,19,1,17.545214356009524
2328.276804316915,10,0,10.015036506594138
1512.6591648863393,4,2,4.591365343776415
2393.542301871226,14,1,6.0343131667104855
2579.297789503702,4,4,1.6788030681875032
1589.6588408241448,11,3,4.981683304268637
2481.6880646221607,4,1,3.0408101447615032
2206.390463468249,16,1,3.2890675587788962
2411.030079997245,16,4,7.0894733728686665
2948.396491326974,23,1,1.6558600276558297
1877.3059419985648,11,1,1.9139185224449948
1623.1319178212552,23,1,12.927512083135063
1555.2427851872383,14,3,0.28933370772913336
1592.0948575172808,14,1,3.3241039241198522
1961.4491452929478,5,2,12.19780063549285
2170.575987408322,11,5,4.7126988129455
2138.3453996650096,19,1,3.952775611979838
2413.591624518012,17,2,1.4367051812518892
2006.5009459389535,13,5,2.102453310392968
2726.7670385786587,1,1,9.554350962767268
1867.671583381022,8,4,4.096025778827216
3360.0845832948094,4,4,3.6153748500393164
2312.8336738825033,19,1,0.524468198529216
1571.4212217918587,0,2,0.08078998311470881
1464.5537509694439,22,3,16.577647978903975
2241.2362076215927,2,6,2.3659327852463403
1888.2686073370746,5,0,4.621779113553947
2357.000247046046,4,4,0.4153597691492223
2236.6188122867725,20,3,5.746070464472279
1963.5855436715635,4,1,13.48308223448412
1576.6031409657976,0,4,4.2861631879595805
1242.5763876570677,16,1,0.6740342991521535
1776.7425239664894,18,2,4.358039330275023
2428.199397161736,13,1,7.269595411285781
2107.046872065102,11,4,2.6078872281344023
1377.130610644006,9,3,10.594561744885315
2086.590462925591,19,6,5.230330982140458
2192.658689864418,20,1,11.475511708146918
1558.0712818994334,17,2,4.8842566937016505
2076.8625529727638,23,1,0.7037179592046167
2029.1043592229998,10,2,1.853084928372473
1428.5148510846884,1,3,1.1269487873151105
2178.8936801741415,17,3,11.97495484629651
2280.3922631841174,6,0,7.143923467867238
12707.628107938192,23,1,33.84726160078043
2526.9010260174514,14,1,1.7902817713168635
1311.1653160214546,10,4,1.0169789661595643
1531.0874800424385,17,1,7.062187429746098
11287.58816802165,22,4,19.28263166020041
2256.8929754561045,11,0,1.2795577295166711
2257.523843153024,5,3,4.793668871942185
3926.365745327361,19,1,0.20584908823963646
2285.4452553465835,22,2,1.973889012717029
2567.7828200902995,12,4,3.1607966021174843
2477.0008817466014,19,2,0.800599248605534
2325.6956256528993,15,1,20.884657736152672
1842.3653776798271,17,1,1.1729020464797122
2379.4846102466336,9,2,0.6983402316664269
1613.587392731214,22,1,1.1378596725190913
1881.5906966299956,7,2,7.328011245991459
1757.3182260854483,17,1,2.771325162598201
2040.9370696931612,20,2,4.166829443337638
3157.329283336754,0,0,0.10616494951648639
1066.367403704126,22,1,0.1751901684096702
2343.1300951872568,7,4,2.951378748969702
1193.642064405174,5,3,8.481934907777898
1764.0340671052832,4,2,10.824512585782784
2544.475298483683,14,2,0.4534902818547664
2032.1400095477313,21,1,3.8648831609652516
1461.127611035347,14,5,12.222453618197719
1642.348145370016,1,0,2.4548923925152417
2339.798874467338,0,2,8.847030824508789
1634.8166841414318,22,3,0.7175949691092814
2108.2292947909873,22,1,13.69727786285637
2022.7859199519069,10,2,6.960019498419614
1674.1998261970914,9,4,14.179508158214002
3071.972044662663,17,3,5.644593109592982
2316.9595111590056,17,2,2.258099703576552
987.4287066711964,16,1,13.917736546059395
2093.227157384714,7,3,1.611828451439742
1669.106767615806,14,2,2.018627026807612
2426.216667398112,7,1,6.033355841550835
1603.7396307836498,16,0,7.247583134383784
1942.6317792665504,11,0,13.253872410029023
2252.4936394902284,7,2,1.1458232657080352
2432.8775970850606,13,0,7.997389274953654
1399.8517964721118,3,1,6.707485617017292
9163.74691039763,0,0,1.9776100622147028
8812.63672209761,0,0,14.692632730208544
1673.335383713144,18,2,1.6617618740132432
2882.7271201405483,15,2,1.815552498552928
2202.490855480478,13,4,20.35711037339319
1369.5580228324775,20,4,5.1469809991990045
2458.9309735273882,15,0,6.323502451526385
3061.0780985063166,4,2,18.77886636113732
2516.2326302755737,8,1,2.3676635051643706
1240.3150170229933,1,2,8.093406719431021
1757.8829635668744,17,1,2.8504986938955605
2633.455574593311,5,0,10.183200535417038
1646.1652671906097,8,4,0.9962657002461488
2221.909714073114,0,4,14.752473209791939
2387.3170267146684,8,1,1.2344393254175554
1536.5347642109587,15,1,1.974261916458344
1970.2373219690999,12,3,7.056876044507961
379.3663299654638,8,6,2.502356588495185
1487.8061793328552,20,1,4.685164055357775
1873.7159243034198,12,1,2.9400949690668092
1376.1084090175752,8,3,6.781152938586439
2816.2056519658177,10,3,1.2959995220950262
1284.9293110196836,3,1,0.30118154329465263
1779.9777566515081,1,2,1.782870441360368
2065.3702886430456,5,2,3.215205269135781
2720.6366445330577,13,1,0.9197346982224508
1282.0689244102803,3,2,2.190953659796779
2581.58187607748,5,2,2.5539866066122805
2005.1165305097936,18,2,0.29552305768193454
1509.2456744760245,5,2,4.377030674777809
2231.0517371316355,1,2,10.785650325194624
2099.529847786735,17,1,0.8228576022456812
1699.8915614206026,12,1,4.554128628821411
2034.9010424950095,8,5,5.464232786109861
1807.3432015691199,22,3,2.7179036506796725
2056.758672625624,18,3,6.038190690047156
2331.0653372605234,12,1,2.6443670781082584
2793.008408072676,10,2,3.5123251659203096
1381.0922505865756,0,7,0.03690105720673507
3066.5166873281332,23,2,5.883735941515056
1023.9561002387491,21,2,5.413832676009013
1924.1074524822084,6,3,0.19578813781308682
2294.1586032422883,20,0,2.2963085135505064
2140.495933867516,14,2,19.323751100352617
1688.6502400897032,0,2,2.7299895897809288
1895.9388748213623,11,2,3.4852278985845384
1753.4995326705837,6,1,12.035849445762416
1705.3176215278943,14,2,6.316170830807772
12124.005242552561,20,1,26.173249150283972
2178.5077429825237,18,2,7.9926056234838905
1653.545202369673,0,2,9.988985809830007
12248.999688583126,16,5,18.31319552677945
2153.649760438305,16,2,3.222817235449181
2406.43105941948,2,2,2.439216556819023
2314.8144209618063,11,1,17.011911419677435
7927.51247269482,5,1,35.83713954263945
1719.9094799015152,10,0,0.4344554640734276
2373.646802561631,2,0,9.93739838116295
2305.1851327167324,7,2,3.2750192844142205
1989.549203017926,13,4,0.3561585205662998
2058.663691654391,13,2,3.9893978583499825
2638.8324478942122,9,5,2.699249572296216
1704.214305582085,1,1,10.50841141219809
2273.548690585019,13,1,1.1407465688777112
1898.903673783053,8,2,8.75686860262072
1891.15939838639,2,0,4.078706631177119
2549.388425993595,20,0,0.28079029470381955
2412.708174494015,7,4,17.85020511355982
12033.774090001596,15,3,21.561042439532848
2652.7394035771645,1,1,1.7186303907754372
2010.5019208163794,5,2,3.1687986608871324
2340.976485647482,20,0,9.754635990236144
1844.866621703272,11,0,1.8185202687856585
10810.415881221106,4,1,6.420920862301186
1934.9284728161576,1,2,0.690975522387576
2048.497982496359,15,2,1.768108039088484
2297.5785127184568,4,1,7.5717316698802595
1590.8896583832638,14,0,3.1897580193027464
3046.19363784273,11,3,1.2904972825242003
1496.991309250149,3,3,0.9087186165179261
1392.9056936061338,14,3,2.0227986642481524
2579.055436750034,10,5,14.060755292789032
2395.831346981468,15,2,2.10055959878204
11560.299542630386,22,2,132.99726353226947
2314.17275463214,5,3,3.3201798269678733
1993.8766135765427,13,2,0.9871592316682497
1551.3728142570842,17,2,11.08846734600884
2037.9022790968631,11,2,3.0842222723172408
1661.4191442439442,10,6,6.183708497195263
2487.5598667088757,12,4,20.586505250561608
1926.4713092489308,20,1,0.25738945354293113
1587.2514016037442,22,6,0.5084726612342598
1839.3070791735033,10,1,6.3729911360493645
2206.4657271378123,22,3,1.6552100581501072
1718.1377235980126,15,1,1.01855175627672
1588.8898022167843,14,3,0.2007875341000006
10609.218028729782,20,4,0.6626665505618586
2122.4832855543614,14,3,7.4468563890961414
1746.5284123144352,3,3,0.7218549460335216
1764.4808471908386,10,2,3.1529338476935247
2116.0249686788184,18,4,4.655712567820531
1275.957829251338,14,4,2.796157563870309
1296.2681128117224,3,1,0.13740407330152613
1640.777889373782,20,2,7.650858359617665
1893.2764241440764,12,2,0.0528443945082271
2155.4537827990025,21,2,7.175110418121385
2737.678108474776,18,2,11.188881188318529
12144.149058005049,1,2,17.01341066769282
1920.0307350182864,13,4,3.834425816125082
9952.459480243278,3,1,19.44426184032661
1498.7353176810957,15,1,2.4649990806133593
1990.743432003805,20,1,10.920657427566516
1855.6706805399308,19,2,11.218445618418789
2161.3592801690447,13,1,2.045983042331863
1586.3845282238385,14,1,4.773465701841266
2259.673257120586,2,3,13.080151834527406
2766.369456501289,7,2,16.358548756225147
1945.6199257715712,15,1,3.556138669689523
2200.8558610494706,9,1,3.014931224978737
2345.0719958555565,3,3,1.6334612959409631
1799.389764057082,17,0,15.95531520471371
2112.0462409052084,1,2,0.7705035148056729
2006.2962003908974,16,3,4.335474393463496
2048.838049274416,12,0,1.6602619653102622
1613.4951080722667,3,3,1.6356382008261607
2012.2550871294713,10,2,2.5957054025217245
2248.999145622725,6,3,33.59782080761886
13627.859019487605,11,2,1.6960409395870062
2479.6354130426034,9,2,4.3201735964095525
3076.5912287557785,6,3,0.43090674253086986
1616.3262185559752,12,2,0.8392587362282147
2436.1603183603393,6,3,2.895191692672631
2091.671002869176,23,2,3.57144686309625
3094.901466608836,16,0,1.4973727113287703
1595.8508573224242,9,1,1.9023295238839042
1580.139078909612,9,3,0.45491638323689626
1700.303677277989,23,2,1.8064262313775978
938.0521378450965,3,3,16.989779113062543
1737.1224891596194,19,1,14.475579317476619
1620.433669223151,3,2,2.0389261636121576
2075.1968932381037,21,0,4.229789715639278
2170.87798788858,6,1,12.01730014798798
2938.085419607943,21,1,0.031015108309698315
2475.2119190930252,0,0,8.321677164334286
1711.5481721687984,11,4,14.818218591413173
1550.792664325821,23,6,0.4788429631317092
2245.9595857532527,12,4,0.8803915486109798
1339.883396489679,9,3,16.188548211409138
2915.7293829271766,14,1,3.8559776142847406
2589.7200603606434,12,4,0.07149185354754567
1765.4121739476477,22,2,1.4895510011091286
1143.4327354545612,21,3,2.988672977894771
2676.9361870827065,21,2,5.903054343219857
1942.730077373691,20,0,6.605537341168576
2618.908155986731,21,2,26.931933342485248
1202.7861706028166,8,2,1.6949554269810665
1700.3124885231136,8,3,3.8633345619544324
2002.6218498590915,14,1,3.810595416972328
2023.490296882371,9,0,2.60139465779218
1774.9672642603782,23,1,0.9266016060389448
2311.4249661737495,9,3,18.961556528390346
1466.1897853087028,7,1,9.597413779439295
1928.8102574893533,23,1,3.4490939120805053
2060.1478158559494,15,2,4.622186913069447
2257.2194170293747,16,5,1.2890700112906384
2355.807439044445,4,4,3.9239781378005087
1437.6789540810655,3,2,5.936727914885518
1232.9429146321888,17,2,3.6197541789296137
2638.8384109492545,23,5,23.170508776151685
2166.157005989796,18,1,4.725273074927703
1625.756731721723,3,2,2.3179111538684225
2775.5759877612613,6,1,7.395383301091531
2057.8373171464295,9,3,0.9344348818922593
2589.6485920319133,17,0,2.4267301307151667
2033.7592407050545,18,0,2.1305764427688483
3030.3739624409936,3,2,2.826471483150584
2877.6704212216023,9,1,7.611253765342133
1875.5179257604632,0,1,3.309919516937448
2485.785475477178,22,2,7.899746297875579
11613.439873962869,17,1,25.77526687481754
2684.3157787661744,4,2,2.0932793851026203
1517.5382697099478,14,2,8.30309668864543
2343.0257299992195,16,3,1.360944703258735
2529.212243424794,2,3,1.2704820564755195
1120.6302567884427,11,1,3.5109691322508203
1408.3707436671125,1,1,1.5112669074681186
980.3839111199497,0,1,0.04564286944328279
1865.2965827777211,22,2,5.224848544077591
2358.7711278979814,20,2,3.577923359336209
2751.178526048014,16,1,2.9486029991851916
2037.0473902098877,21,1,17.05147034953414
2814.307772785646,15,3,4.233813830778963
1309.9492708925543,4,1,9.954647641652643
1148.3087803224225,14,5,0.750919168739037
1972.2261505516906,2,2,4.210631682170712
2192.0327244696537,6,3,10.123995126788541
1983.6526259529535,10,0,4.374613519645215
966.2789499800617,9,3,6.329492431770306
1955.4399802436058,8,0,2.326422452088375
1347.7652497475733,13,4,0.4850304289052596
2334.836274415019,12,1,3.061526685652196
2183.299123048424,1,2,2.5083333998424107
1530.0601068363223,2,3,10.089293761294103
1743.0665413316533,6,1,1.398538445012143
1470.3932390555242,20,0,17.016131322534825
1968.660451363414,17,2,15.866898233462193
2477.571160250619,2,2,1.422646193108916
1507.1369768322281,9,2,2.1389520327275795
2252.023257758922,21,0,11.29550877690156
1734.8711908137795,6,3,16.99932448348955
1603.563583868828,8,5,2.9298934269369536
1946.4848200227211,16,1,1.9356490019428678
1482.378838790313,10,2,3.7337315857610225
1723.1753473264089,6,2,5.820063207231278
1401.061053705576,23,6,1.5974085897829629
2982.3625664581946,13,1,6.668000560401078
2017.6317759858644,18,2,0.2651970219359077
1650.1372460037073,3,1,0.252754654061188
2106.989955367111,5,1,2.4411451790312495
1943.8359751545852,9,2,2.1807030768327
1889.5152002333884,6,0,1.8963063511938427
2307.0833500217127,12,4,3.3767304482344684
2378.7538550236527,13,2,1.9337093032494221
1734.7494261947363,3,3,1.0675623872149762
1712.09087967766,7,1,1.851476036529416
1862.474151424178,4,1,18.425288394094434
849.0394176322077,0,3,2.6476083621871953
1242.4044689007237,3,2,2.941348899641984
2683.4371337222624,2,2,4.296540020920419
2822.4838567506417,8,0,20.47395383305034
1875.4819802218108,7,1,1.3827300555338742
2288.2784815278833,0,2,5.71724463254645
2155.625077271768,5,0,6.293635731467112
3539.440404227619,8,4,4.673857480194014
2559.787455717288,6,5,0.46374817200398677
1936.0412042596167,3,0,5.64853801523644
1522.229779699787,12,0,0.3312049731437815
1196.7768398712137,16,6,4.533467781591341
2101.7318179336116,1,0,6.72732043582701
1621.8246273578484,4,1,1.1847539870973123
1288.873145201163,11,0,9.21385372880897
1676.7135578787368,20,3,0.15412010996799702
1459.2259981928025,7,2,9.283501993670866
2843.5708175362824,5,3,3.0839783909849694
2440.819878474725,7,5,1.2268687309126556
1996.0136793416914,17,5,0.7180710980969138
2739.972069445013,2,2,15.320823037540091
10193.420769119046,21,3,2.2632309457176927
1569.3578993358683,11,6,1.1100548392448715
2761.5620386348287,2,3,2.137191404536912
2269.455021842329,21,2,4.841011204494486
1481.3769228367719,5,3,3.9351039017353178
1904.830660958196,1,1,0.671335415390899
1562.1908733076214,22,1,1.71053630411802
1308.600134517832,11,4,1.36397893255261
2463.088773765821,1,0,1.2010852277966628
2954.708320235065,5,6,2.6478708940377493
1300.7162130904294,16,2,6.08751044529768
2281.4846183452855,2,3,1.226006039278473
1674.6787154390865,1,2,2.283888432115991
1756.437308117652,22,0,2.479007161768635
1703.8030378805654,19,1,18.744533776833784
1568.004615160092,7,4,15.468529241937958
2024.2608139724134,21,3,8.050630314578598
1584.524941794481,11,3,1.383110110064952
2135.2284128899196,3,5,0.3523125083853791
1974.8809452754315,4,1,1.9056003726596442
1880.5259765667952,12,4,1.5516466455118114
1546.218168979201,14,1,3.5253478547030976
1711.6143347158336,22,1,7.5192650862815515
2377.695612912878,15,1,9.771025143988215
2250.4585938121904,9,0,9.317268389840109
1511.2223776007245,22,1,2.2289014774395017
2049.666152714613,15,4,5.811505350055038
2375.6935616858946,11,2,1.8758983655938077
1165.2973594393143,16,1,0.31419605949613155
2271.6800961899676,15,1,6.046020076459111
1668.6881205270765,11,1,0.049380808496267525
2285.2993342965797,7,2,2.631241279700745
1618.3704217287416,19,2,1.9977576588575598
1097.5589496677405,2,0,5.910690276707358
1186.2287810584187,15,2,7.267418715654293
2024.0424733306909,12,1,1.812707995578756
2129.861250860741,22,2,8.346656579470675
1547.8416874477957,18,2,1.7401107273569383
2319.296229388687,7,0,2.955899316347989
5846.199844327601,21,2,38.95054051862145
1966.9601006763417,4,0,5.903238627443741
1394.4919001187718,19,3,21.85779696431995
1674.0819460989205,7,4,1.2755002219923774
2023.699335658207,23,4,5.428251993587033
1569.7933173580238,11,3,4.7039662624491525
1807.7222278850872,0,3,12.331314909719753
2503.14640460722,20,2,0.8501597712233924
1711.5540652384257,19,0,6.967565036572387
2417.846056032571,5,2,4.199758405261743
1435.1465726711908,21,3,1.6056143051850946
2264.9020889576414,17,1,3.216406206193864
2720.78431032895,7,2,2.0306511242698644
764.1777499363554,6,1,4.329335735985363
1601.5523722647617,0,1,10.991152902598856
2288.53606359027,20,2,4.211775299029261
1898.4773069785037,15,3,4.994591635636997
2185.5729366856544,11,2,3.6568195993113637
1698.0074066420898,5,0,0.26260448236362705
2043.29489373645,19,3,1.3254204188196106
1922.1613823039602,1,2,3.386386179016569
2583.8910308299037,13,2,1.8570236523790749
10636.052108253032,3,0,6.018119515199748
2168.801331037601,0,4,3.5072360728879115
1794.0615169387663,22,2,1.9490154525250118
1756.1968879637532,17,2,1.49275559000476
1783.7209060901896,12,1,3.1179695600673627
2197.2260711891486,1,2,0.7152210997701215
1789.5077595898686,8,2,13.13781947976804
2144.8874284482063,20,2,10.11349532637616
3037.7003993227195,1,4,6.148514781271537
2435.562351715846,8,0,0.5614435658230681
1836.9882339160795,0,1,7.477807030455019
13003.034805409861,10,4,49.50113046647727
8979.81156744612,2,0,43.80011528506634
980.9377324110731,19,0,0.6049991349774558
1495.9568445412979,22,3,5.162830169926545
1064.6040394870722,3,0,8.988630040848028
1824.2432579793456,17,1,4.306094565032964
2009.2091895947758,22,0,5.198049029908355
2838.218656137641,5,1,3.065800643803283
2163.463686882081,2,2,3.761379882178202
1890.449735595568,21,2,0.17490821702259818
2414.702790591745,10,1,5.093874468440543
894.4323454960575,14,2,0.42477952491711835
2117.807279054283,21,3,2.8547768942998752
2385.4325969434835,4,0,1.731184464073511
1260.7068771100792,19,3,3.941994262708275
2571.8770216034645,9,1,0.7159830999231378
2169.2482037472073,11,4,5.882491899623759
1792.3560430495993,14,5,7.924007895636168
2316.3909330531424,16,1,0.8917738728987994
3135.3464289021977,9,1,0.5508217745971264
2090.9331275292475,5,4,0.7862844785492396
2124.110293150168,17,1,10.483042751819582
1770.319550229878,12,1,3.7558867605362027
7875.3890763380205,2,3,18.89170944916755
2415.167908272123,23,2,0.5642301959700797
1571.9580870455663,9,0,5.242771881540705
2035.7831186096962,13,1,10.124751323483405
1761.1712766174417,5,2,8.806710110388966
2239.489912873196,2,1,4.918228864824997
2166.8310526434743,15,4,0.3913145108669709
2518.7699721289496,6,3,0.5961536932293031
1744.9918005726265,19,0,0.2528308840597974
1865.0625323533143,13,2,1.4885220872054834
1510.6181421088463,8,4,0.7289538325171298
1777.8533699619443,14,2,1.505850070756569
2188.650246522426,20,1,2.431137075872818
2378.494308322676,2,2,14.3220101145545
1538.9173379111874,1,2,4.71286630451339
2434.8029600528303,1,2,9.008254715260419
2677.8189294024755,2,1,6.195435812880584
2206.7174516118503,17,0,0.5967514249636929
2938.397906279033,13,3,6.657523651336662
1613.1054004482135,19,6,1.6086001089330653
6888.363241721458,17,1,30.575283312604952
1110.6398755478608,9,2,2.0848702151148872
2748.0221557445916,1,2,30.314294208507402
2327.182828177029,21,2,1.5295797150306978
1972.2076645447726,0,2,1.6364855807506018
2139.98431315991,3,2,13.344550501355334
7186.277381754058,13,1,0.7485948384739496
16114.379949042066,0,4,35.78989671726352
2064.6105909876137,13,3,6.460858808065867
2054.6973973024465,15,0,9.050999592309095
2362.883311949346,21,2,18.333498397554024
2240.5046158683567,13,2,18.566254018687648
2111.9420121395656,19,3,0.33752395453306855
1604.762772277344,2,1,8.625347273491059
11178.67089283999,2,2,31.180028044348987
14705.061241187585,8,0,31.26770733698085
2672.7100230774886,5,3,0.6868361380083193
2796.5933133196986,12,3,5.251785144038891
1744.3921617844073,20,2,20.22279749457288
1505.1975898707096,1,0,12.141794385659173
1937.1065399501758,7,3,2.8913365377349844
2027.8624561443473,20,2,0.2038390074753596
2547.0957592354744,1,4,2.2493855857565976
1153.7676851425904,3,1,8.754728347802878
2764.7751597303068,14,3,6.044911679935314
1920.9960507105052,3,2,3.0748571244227705
1786.55946502629,12,4,0.2833890093674992
1493.9478123699164,11,0,2.783429290328935
1172.5716640671153,12,2,3.165201131484224
2411.585291980957,13,1,13.194174074456997
2036.658983594202,19,1,5.123363810539972
1355.019550129473,17,1,1.8673104332512158
1352.4606139681919,5,0,3.725553649703846
1832.107650354936,10,1,0.3416902929515955
2834.5107626446966,1,2,17.980268270906397
1870.2043243181977,22,3,2.231903518878148
1248.428523440947,18,5,3.2491680700900254
1877.1284679570279,18,3,2.1947266463424024
1863.6382151261648,4,2,5.736572032898788
651.5566785292142,18,4,5.426982392290495
1972.8525667410938,1,3,6.2819882640837035
1884.532734895661,9,2,1.560852265176102
2348.103182406709,1,1,1.896564010583294
2924.4780474726726,10,1,0.6690927755226515
2563.2825147738786,17,4,5.328450673998246
9327.778273612923,23,5,1.2183207346306577
1446.7370456291649,14,1,4.5525664613706
3286.67990162493,8,3,10.18942106622196
2029.609217007244,22,2,11.074343286358616
2006.964645956473,18,1,2.9804450139727146
1987.9374564449984,8,2,3.0744875189969
2099.0423803839276,2,1,0.4004632858983886
1927.8197940380287,20,2,5.554917873811834
1713.1689965598819,8,1,8.609099000916675
1726.570529379804,13,0,1.4029037637667099
1983.6233648920008,18,2,2.7348629693785442
1728.2876144331176,6,1,9.126767516434537
1643.5771086614177,15,2,10.482754077177301
2053.2151138459485,15,3,1.3931490422755517
9362.556956447863,0,0,23.99329732998107
2751.9964942913443,3,0,1.0690187086828233
674.515095803494,3,2,0.5372510663319602
2545.7534259612307,6,1,12.102368874451594
2623.0425962488143,7,2,8.588109391173631
963.3048837959252,16,3,7.136308951975792
1828.6562029598256,4,2,0.24997762539450644
1814.2795670021042,6,3,9.280811364606516
1296.2441526410894,19,3,2.881659295209507
8055.458281022811,19,3,12.574530580651274
1444.7120772670855,3,2,3.953539425761557
2876.1352217118115,5,0,0.47899433093989274
2467.8391965737305,6,2,7.066201815154283
2635.7775474970795,17,2,4.366576211608102
2360.8360320216175,4,2,1.0326005530273132
1435.4741143913852,19,3,1.0427047001080516
1737.7398668601131,2,1,1.0182284525958716
2244.687280613959,6,2,0.29345764110159756
1388.9360955540274,21,0,4.431214243490142
2356.499215086194,13,0,9.17379972422134
1879.8373009209324,6,2,0.08826558707916064
1812.5895962252011,4,3,0.2512305037537511
2355.4799841017457,21,1,4.25216708356428
2222.13165574302,4,1,8.560002989082546
1819.51691709046,22,4,1.9781102311442498
2579.664901682124,1,1,2.1509492969092534
1459.4683362000515,20,2,4.535992180495252
2307.967803472132,21,0,1.6024927143376468
2296.550628984192,5,4,0.13484388158165903
1845.226780343005,14,3,6.644440787386447
2163.066511121059,20,2,4.912819288731211
1374.4432118073487,9,2,4.34651093699433
2462.0135096034505,22,3,6.767860683394994
1907.5489317785054,23,3,5.623203092174411
1738.6384897404803,6,1,1.152615996404674
2524.5046129184448,4,3,2.173036073534379
1647.8281547286203,0,3,0.6740046574753866
1295.76935181822,12,0,0.695488642223212
1221.685413238048,20,4,5.638080505933257
2303.00497567282,17,4,9.780816410573525
6798.926618759292,12,2,98.68907688212408
2877.3970909921823,20,2,4.948974860103847
959.035296058139,20,2,1.0173255125667338
2848.228184145019,17,0,0.5582923389996878
2105.5087336013094,4,2,8.379250179324124
1951.6434440648038,12,2,4.322720857910577
1727.540456595525,3,3,4.815405385879955
2199.5680571760354,16,0,7.603978863268138
1981.1826487875758,2,1,6.0747850140101125
2551.650941008261,16,3,8.992659336853519
2057.1138243310197,10,3,0.289278666399649
10375.754403654693,20,4,41.29277289887711
1818.193893893072,19,0,9.51410627549352
9857.635940697332,22,3,10.111844088795863
2153.9008844460295,20,1,5.114472238721316
1144.9158036716872,3,2,1.885569619133633
1325.9072889471436,1,5,15.846985023009577
2371.6320470113574,19,0,0.16997453414243371
2085.432719063971,15,1,4.335037301664972
1908.0083318236605,17,3,0.9106291620431997
2009.2169665326967,7,3,6.227798463062179
2173.7908526808355,2,1,0.9672580337277714
1730.1201598453192,8,0,1.3419028332078364
1610.8476372988437,19,3,3.4097585324907627
2097.922627548841,5,3,12.315820702687368
1510.813611192484,9,0,1.1894739145394322
2204.126377857236,20,2,0.778826703309313
1148.7081978810797,9,0,7.114311083631174
2514.5778186628218,12,4,3.4719350675156346
2236.2987412065213,16,0,12.139897681780024
2128.0148671569377,8,2,0.7927198310638528
2491.345491972757,16,1,5.19127347282727
2832.7372222312883,23,0,1.3255546154023112
2507.1850325090654,8,1,0.8525208616449735
1079.5628843341774,8,2,5.751045226909061
1360.2115166321491,0,5,4.5031281133883185
1687.5907111521606,1,1,7.028965323619332
2013.0455251054168,15,3,1.851425549203286
2258.8295102345614,0,1,2.970779434447734
8185.640467116336,9,5,15.599607634324906
2093.383382238539,17,2,20.703868727959165
1622.3085338233386,7,0,1.7283144046938888
1694.241098504026,20,1,1.7464913668912496
1296.6694515758888,10,2,2.189023779797281
1538.3833769445478,22,0,4.157382682724594
1324.1576971918332,1,1,1.4539193520438396
1512.0633735113336,7,3,12.342604583586724
2526.82089830392,21,0,1.5440897817890549
1525.3005555840284,7,0,11.30797067863334
3316.1910324186956,16,2,0.5461458554704888
2246.6589504404446,14,2,5.3437536185955885
2092.418061847437,16,2,11.875000411167527
1570.8211099093933,22,4,0.9241200570057446
2350.1549397044955,23,3,17.261447181381307
1712.181086881113,12,1,3.0154663210966595
2061.0049073226805,18,3,14.567546654622102
3280.0422691343974,4,1,5.647729852201779
1951.9700501376751,11,3,1.7947223716893297
2574.6366631428377,0,3,1.0431378793646342
1648.4117874370563,22,2,1.8101250518858567
9912.528773757596,4,3,2.928960701613875
2885.400317817755,7,2,0.7766533490445192
1686.5164711061163,12,3,0.5527611819946485
2906.2242789984643,7,1,2.749075863958956
2353.8759677277376,22,3,7.937853174723499
8593.833060264331,10,2,4.572989075688843
2316.2038695277606,0,4,0.6981522458447776
2486.277224813365,12,3,5.156108794468862
2310.9049811085983,18,1,1.0981423196946427
1214.8876400547717,23,1,0.5135426104560245
8182.1570604378285,2,2,5.476196234106524
1876.2406822242476,23,4,12.867469523768364
1962.7832854499768,16,2,8.615028209282702
2310.336048775339,4,3,2.185278609600971
2088.8505004666267,19,1,5.33296366042089
1332.3278206449495,20,2,3.8531190485584825
2190.0989255029817,7,4,5.652438732231034
2305.2928726419113,13,4,5.739083344354255
2279.89522396552,3,1,4.9541826635734845
12701.951813886553,10,3,9.281530925374717
2416.961077274452,19,0,0.1989377568452158
2229.5900396142183,14,2,3.0400499620703285
1964.9171442706765,18,5,11.080839177282746
1169.5195332420044,6,1,4.214007935006194
2214.809109566293,18,2,8.930608209483182
2103.8438435815556,18,2,23.912128759787826
2135.7894185976866,10,0,0.8933384264307671
1361.6257120898454,4,3,5.884669028259934
1459.4717297958687,4,1,5.608794180804345
2526.576426666452,21,4,19.548989254179048
1980.2224230716724,7,5,21.20289021321806
2340.7503486863125,9,3,5.802629078183482
2014.1591880652306,5,2,1.39602249078049
2014.8780697478726,14,0,8.011215241543878
2469.141902987999,15,3,0.5660066186709765
1741.9776358913132,16,1,7.586557253056694
2048.0603884704915,7,1,12.050635718165953
1768.8623556474788,7,1,2.413081334201814
1782.7518862838422,8,1,4.979853812843907
1845.4139382656804,1,2,2.8118467834903518
2111.0668858168565,14,2,2.87917732412566
1760.6256891682613,17,1,1.858006731766436
2627.8780627867604,2,0,7.180146887064508
1552.696348890248,16,5,13.758174116340875
1906.5641779193204,3,0,14.130020004597473
1780.1344708629126,3,0,0.960534092700986
2723.4889421768667,13,1,10.386964194788252
2098.277388255787,8,1,6.686215277675606
2515.9222697343175,8,3,1.457362238886478
1257.219813481514,22,1,0.3482758801762422
2133.5251329346293,17,0,1.5598551563164251
2444.8153978117184,9,1,12.16393797871606
2041.141994637712,20,4,5.014402010278992
2532.7401875326755,3,2,6.383697167758628
1741.3557749498138,11,0,1.4863215194438417
2704.67372009279,7,3,6.353914505692121
3149.449061809625,1,1,0.14262244397212923
1818.5807197801705,21,1,2.352589573523283
1777.248739299614,12,0,4.927579069577103
2726.6922385588505,20,3,0.7896858299565791
2789.7860728653563,15,1,8.658128706138362
1738.569986423366,1,0,1.3396017973610632
1789.9065914520713,10,2,5.281804605527639
1859.1076955697463,9,3,2.597626301992397
1327.7747444828615,14,1,4.532241582208916
1540.674026757901,16,5,0.5683668182306739
1497.929616623966,7,3,0.08528727326465901
1616.1012174479358,17,3,12.015587932777432
1982.6575563066094,22,4,1.571020179665576
2117.10736626826,8,1,8.565028035793866
2775.2502464070385,7,2,36.695002834376666
1500.8229796306046,13,2,1.18767847827395
2492.161199238292,17,2,1.540585538425381
1893.0055778872456,21,2,5.436281873638286
1975.2681451737835,19,3,16.82654105015206
2337.409746083302,19,3,12.373653891602308
1438.6389892188508,20,2,3.494574108006709
2191.204873092025,11,3,7.926417040715163
2083.226104106528,18,1,0.729442009637046
2246.2256320040747,13,3,18.95748184090207
2144.5843219539092,16,5,16.670484262668804
3227.650069955447,23,0,0.8940125268997047
1681.130007874342,20,1,1.7792558795233624
1734.5015224990912,2,2,0.5276637497063112
1688.429736787618,22,0,1.5853319620153947
1722.2614404198725,6,2,8.462896376585956
1681.306436346741,16,0,2.376613610177816
2594.508265553776,11,2,0.46275327329987703
2710.2521239949274,8,1,2.0944657461582463
1714.6268531252617,14,3,19.918490454528396
1583.8222134478856,17,2,4.9669874541322825
2235.707778193202,20,5,2.6906496364895647
1723.8884778595143,12,3,0.9108389240709778
2316.4659088777553,20,1,21.40703371231012
2101.46151042565,7,1,8.597631525189314
1242.127942501384,13,3,1.652789918877025
2773.752600665031,7,0,0.36322280964980125
2897.9388365477607,13,0,0.2914599960539219
1693.6056547578069,6,1,0.6413158960559024
1806.1492200320079,22,1,4.3466610255777685
2142.9326953624523,11,2,13.208744226866017
2167.2283949935127,10,4,3.4332757772182476
11646.360681682076,21,2,55.53486865222999
3005.1022693831746,21,6,2.951929779407672
1911.5263862529753,10,1,6.165009603393448
1600.851377730773,21,2,6.5814677515537925
1310.3403859927364,12,1,0.9555828342106922
1634.5349800290405,17,3,2.2409450112157185
1983.4365135631015,1,3,5.070925892504658
2897.278931758894,20,2,0.3666000728235618
1741.1943504819142,14,4,2.2434827319387614
2111.893975819449,19,2,3.8264335552468083
1991.788551963624,17,3,27.896103062433365
2594.196636724042,14,2,3.2173447934139032
3263.4662129368107,18,2,8.465640157676816
1734.5656135398397,22,1,2.8287616345110407
1755.280278740889,23,3,7.957762143215298
2522.080438534536,11,3,4.5244646912975925
11704.728724065779,12,2,65.3038107031461
2923.3536628680167,21,0,2.646157829381812
2291.964092662982,10,1,4.635550501401643
1820.3539546064703,4,1,4.971513813887149
2295.327415346155,0,5,2.701125777246215
2554.3517902914537,23,1,0.7792475315912574
2410.241090598682,2,3,0.4911489265562232
2253.637015553649,21,2,0.08406042520103338
2533.337344794577,18,3,10.338919355516333
2584.6477952228365,22,4,1.349046479874378
2691.0794955187635,6,3,1.1881571613140782
2324.3549437948213,11,3,6.659701386750012
1916.4409598415727,14,2,1.928430884047426
2073.356843216661,4,3,3.5265511817810955
2603.2544832541785,14,2,0.8867361383283445
1591.5321645063818,7,2,16.062694908427012
2184.3366544364508,9,5,9.53859309645895
1803.3305938363196,15,4,9.967773492423738
2014.3724114674087,7,1,2.6108970788653374
2639.2259313036493,0,2,7.1850173142149485
2095.5495340099515,11,3,0.7767011751116064
2023.2182740780745,4,2,0.04328180505526969
1320.0719295100403,2,2,0.1008754394030048
2373.1267830136103,0,0,4.416719172317864
2322.7420905705376,3,3,3.0384717187561963
3081.62736165273,7,2,3.649215048235608
1846.1108825234996,2,3,0.03745564495861902
2109.5751638319693,9,2,2.7468501986632408
2124.691841855378,1,3,6.330449718228755
2788.7266398817374,10,2,2.923201417484717
1952.352233806524,9,2,6.5879328358132
2139.5107628851697,20,2,1.3264660167008058
2303.9482548582696,13,3,8.387031664297618
2093.304561578179,6,2,4.438895889677394
1776.783192724736,1,1,1.1834437449777988
2097.0449964491536,8,1,1.3506548298580014
2536.815874929886,15,3,4.944716610333097
1486.7423502944698,12,0,8.858007855018075
2066.484837073438,8,0,2.6860856982106007
1649.9395925304134,19,3,1.4940550440639475
2597.5233144624212,3,2,10.08746712286573
1238.4065476081128,21,2,5.5322389068689315
1720.5390763642058,9,0,2.9718105648240645
2188.60593753226,21,2,3.3461787092205646
2782.7620146171703,11,1,1.1423917047700014
1967.124869463506,16,2,4.92823928683616
1722.4002366534007,13,3,2.2216210155004066
2940.578534720295,13,1,27.182356188317215
1275.993049791878,1,5,3.2713972183031093
900.5970216899591,20,1,3.326547411187799
2220.007225026666,19,2,4.171846497593944
1748.9728878236945,10,2,12.429896311280482
1489.3835914346434,15,1,8.067684003548298
2354.1782236496765,18,3,2.9994689342521834
2121.9003568855996,22,1,6.341654770395612
1717.9606846316358,5,1,4.412291523205101
1359.8478006645528,23,1,3.389983146863323
2436.2286641400724,18,1,1.0679205237388774
2325.1005889793305,4,4,3.117511067579936
1950.4120681103086,3,0,1.4106116957404362
2923.318498023833,14,1,12.316243420641001
1464.9576168369238,3,1,2.0429008756999796
6186.187072688153,19,1,91.26209259646453
1654.0459650593777,9,1,3.8077221126473875
1977.206991822251,23,1,4.992175026026282
2121.6697246613458,21,0,3.9147078908727058
1879.381971071835,2,3,0.69275193058819
2176.0276982571486,4,0,2.35659221824097
1374.230287904778,5,3,0.5220610065703521
2721.88230203663,20,1,4.876941001226755
1958.9244108037155,21,6,2.960849041080727
2558.647915794064,7,1,7.525051018873462
2171.362673188852,6,2,1.2453236102681322
2228.376609576892,20,1,0.8990199930991672
2284.883640116102,9,1,2.607177137396339
2223.8542800086575,5,4,13.058161122364977
2321.361379933772,13,1,6.1966497469470525
2664.5762650662155,3,2,2.7143653801211847
2098.260584850735,12,3,3.641511413053084
2354.5018787942563,19,0,0.43985743151970524
1955.1321528563867,16,1,20.859119113914257
13600.29303862368,22,1,32.935035159143446
1661.8038489703652,6,1,1.680190133763775
2900.470216455408,3,3,4.407132981589317
1979.9210246778282,13,1,0.5797618708386768
1284.6124489409758,2,2,16.88301198736937
2064.0522074553946,23,3,0.9605565292785413
1659.4741712625596,4,1,5.221051189660951
2420.321774494362,15,2,1.4081982405382991
1673.6880103488045,22,3,6.32147017858399
1776.9082833926102,19,1,7.4989139221039345
1055.2296345272343,3,2,5.5953975361256525
1773.8468403754616,23,3,4.766063429317505
788.0603366855216,23,2,11.149884873066316
1208.0485882571384,1,0,0.4094500823524139
2380.207328072149,17,3,2.0092191077925956
2392.9000793254163,18,2,1.4270065743282434
2212.7287808924825,18,2,22.12006406021946
1516.5119284353934,16,0,2.4664823032037795
1976.1443219290102,13,1,6.595285534958935
1998.1987304547158,18,0,5.771552624718473
1420.8176554037286,21,1,1.1918014384206752
2751.6991508835754,23,1,1.3655943639142603
2438.6811452878355,12,2,1.6514488822423736
1889.517913085168,11,3,2.64772605401502
2013.4429194972654,5,3,1.3349878350048963
2104.1914039737762,20,2,0.09923570344335414
979.1325657878547,3,2,10.576092121333105
1876.4113087397016,18,4,16.849922757030818
1659.0078760011006,15,1,2.0894882673058452
1499.1899950525421,12,3,2.0662784760868442
1859.4498535570226,3,3,0.03558539602992268
2898.843263424761,22,4,5.701089956198645
2320.4214306335048,16,2,8.72743079836921
1714.4105051086017,22,4,0.7926831725002745
2286.291390678079,0,3,0.8697813143735782
